{
  "LR": 0.0003627060998702499,
  "HIDDEN_DIM": 51,
  "DROPOUT": 0.35995377511180926,
  "BATCH_SIZE": 42,
  "goa_fitness": 0.999999999498485
}